{"d": 2, "version": 6, "index_type": "SBT", "storage": {"backend": "FSStorage", "args": {"path": ".sbt.mashphage"}}, "factory": {"class": "GraphFactory", "args": [1, 100000.0, 4]}, "nodes": {"0": {"filename": "internal.0", "name": "internal.0", "metadata": {"min_n_below": 34}}, "1": {"filename": "internal.1", "name": "internal.1", "metadata": {"min_n_below": 37}}, "2": {"filename": "internal.2", "name": "internal.2", "metadata": {"min_n_below": 34}}, "3": {"filename": "internal.3", "name": "internal.3", "metadata": {"min_n_below": 37}}, "4": {"filename": "internal.4", "name": "internal.4", "metadata": {"min_n_below": 39}}, "5": {"filename": "internal.5", "name": "internal.5", "metadata": {"min_n_below": 34}}, "6": {"filename": "internal.6", "name": "internal.6", "metadata": {"min_n_below": 68}}, "7": {"filename": "internal.7", "name": "internal.7", "metadata": {"min_n_below": 37}}, "8": {"filename": "internal.8", "name": "internal.8", "metadata": {"min_n_below": 45}}, "9": {"filename": "internal.9", "name": "internal.9", "metadata": {"min_n_below": 42}}, "10": {"filename": "internal.10", "name": "internal.10", "metadata": {"min_n_below": 39}}, "11": {"filename": "internal.11", "name": "internal.11", "metadata": {"min_n_below": 34}}, "12": {"filename": "internal.12", "name": "internal.12", "metadata": {"min_n_below": 62}}, "13": {"filename": "internal.13", "name": "internal.13", "metadata": {"min_n_below": 68}}, "14": {"filename": "internal.14", "name": "internal.14", "metadata": {"min_n_below": 78}}, "15": {"filename": "internal.15", "name": "internal.15", "metadata": {"min_n_below": 42}}, "16": {"filename": "internal.16", "name": "internal.16", "metadata": {"min_n_below": 37}}, "17": {"filename": "internal.17", "name": "internal.17", "metadata": {"min_n_below": 163}}, "18": {"filename": "internal.18", "name": "internal.18", "metadata": {"min_n_below": 45}}, "19": {"filename": "internal.19", "name": "internal.19", "metadata": {"min_n_below": 42}}, "20": {"filename": "internal.20", "name": "internal.20", "metadata": {"min_n_below": 132}}, "21": {"filename": "internal.21", "name": "internal.21", "metadata": {"min_n_below": 168}}, "22": {"filename": "internal.22", "name": "internal.22", "metadata": {"min_n_below": 39}}, "23": {"filename": "internal.23", "name": "internal.23", "metadata": {"min_n_below": 92}}, "24": {"filename": "internal.24", "name": "internal.24", "metadata": {"min_n_below": 34}}, "25": {"filename": "internal.25", "name": "internal.25", "metadata": {"min_n_below": 70}}, "26": {"filename": "internal.26", "name": "internal.26", "metadata": {"min_n_below": 62}}, "27": {"filename": "internal.27", "name": "internal.27", "metadata": {"min_n_below": 68}}, "28": {"filename": "internal.28", "name": "internal.28", "metadata": {"min_n_below": 284}}, "29": {"filename": "internal.29", "name": "internal.29", "metadata": {"min_n_below": 100}}, "30": {"filename": "internal.30", "name": "internal.30", "metadata": {"min_n_below": 78}}, "31": {"filename": "internal.31", "name": "internal.31", "metadata": {"min_n_below": 95}}, "32": {"filename": "internal.32", "name": "internal.32", "metadata": {"min_n_below": 42}}, "33": {"filename": "internal.33", "name": "internal.33", "metadata": {"min_n_below": 41}}, "34": {"filename": "internal.34", "name": "internal.34", "metadata": {"min_n_below": 37}}, "35": {"filename": "internal.35", "name": "internal.35", "metadata": {"min_n_below": 163}}, "36": {"filename": "internal.36", "name": "internal.36", "metadata": {"min_n_below": 220}}, "37": {"filename": "internal.37", "name": "internal.37", "metadata": {"min_n_below": 45}}, "38": {"filename": "internal.38", "name": "internal.38", "metadata": {"min_n_below": 90}}, "39": {"filename": "internal.39", "name": "internal.39", "metadata": {"min_n_below": 42}}, "40": {"filename": "internal.40", "name": "internal.40", "metadata": {"min_n_below": 257}}, "41": {"filename": "internal.41", "name": "internal.41", "metadata": {"min_n_below": 132}}, "42": {"filename": "internal.42", "name": "internal.42", "metadata": {"min_n_below": 143}}, "43": {"filename": "internal.43", "name": "internal.43", "metadata": {"min_n_below": 168}}, "44": {"filename": "internal.44", "name": "internal.44", "metadata": {"min_n_below": 188}}, "45": {"filename": "internal.45", "name": "internal.45", "metadata": {"min_n_below": 132}}, "46": {"filename": "internal.46", "name": "internal.46", "metadata": {"min_n_below": 39}}, "47": {"filename": "internal.47", "name": "internal.47", "metadata": {"min_n_below": 124}}, "48": {"filename": "internal.48", "name": "internal.48", "metadata": {"min_n_below": 92}}, "49": {"filename": "internal.49", "name": "internal.49", "metadata": {"min_n_below": 34}}, "50": {"filename": "internal.50", "name": "internal.50", "metadata": {"min_n_below": 77}}, "51": {"filename": "internal.51", "name": "internal.51", "metadata": {"min_n_below": 70}}, "52": {"filename": "internal.52", "name": "internal.52", "metadata": {"min_n_below": 90}}, "53": {"filename": "internal.53", "name": "internal.53", "metadata": {"min_n_below": 62}}, "54": {"filename": "internal.54", "name": "internal.54", "metadata": {"min_n_below": 107}}, "55": {"filename": "internal.55", "name": "internal.55", "metadata": {"min_n_below": 343}}, "56": {"filename": "internal.56", "name": "internal.56", "metadata": {"min_n_below": 68}}, "57": {"filename": "internal.57", "name": "internal.57", "metadata": {"min_n_below": 480}}, "58": {"filename": "internal.58", "name": "internal.58", "metadata": {"min_n_below": 284}}, "59": {"filename": "internal.59", "name": "internal.59", "metadata": {"min_n_below": 171}}, "60": {"filename": "internal.60", "name": "internal.60", "metadata": {"min_n_below": 100}}, "61": {"filename": "internal.61", "name": "internal.61", "metadata": {"min_n_below": 82}}, "62": {"filename": "internal.62", "name": "internal.62", "metadata": {"min_n_below": 78}}, "63": {"filename": "internal.63", "name": "internal.63", "metadata": {"min_n_below": 106}}, "64": {"filename": "internal.64", "name": "internal.64", "metadata": {"min_n_below": 95}}, "65": {"filename": "internal.65", "name": "internal.65", "metadata": {"min_n_below": 128}}, "66": {"filename": "internal.66", "name": "internal.66", "metadata": {"min_n_below": 42}}, "67": {"filename": "internal.67", "name": "internal.67", "metadata": {"min_n_below": 41}}, "68": {"filename": "internal.68", "name": "internal.68", "metadata": {"min_n_below": 85}}, "69": {"filename": "internal.69", "name": "internal.69", "metadata": {"min_n_below": 37}}, "70": {"filename": "internal.70", "name": "internal.70", "metadata": {"min_n_below": 204}}, "71": {"filename": "internal.71", "name": "internal.71", "metadata": {"min_n_below": 163}}, "72": {"filename": "internal.72", "name": "internal.72", "metadata": {"min_n_below": 320}}, "73": {"filename": "internal.73", "name": "internal.73", "metadata": {"min_n_below": 220}}, "74": {"filename": "internal.74", "name": "internal.74", "metadata": {"min_n_below": 360}}, "75": {"filename": "internal.75", "name": "internal.75", "metadata": {"min_n_below": 106}}, "76": {"filename": "internal.76", "name": "internal.76", "metadata": {"min_n_below": 45}}, "77": {"filename": "internal.77", "name": "internal.77", "metadata": {"min_n_below": 156}}, "78": {"filename": "internal.78", "name": "internal.78", "metadata": {"min_n_below": 90}}, "79": {"filename": "internal.79", "name": "internal.79", "metadata": {"min_n_below": 138}}, "80": {"filename": "internal.80", "name": "internal.80", "metadata": {"min_n_below": 42}}, "81": {"filename": "internal.81", "name": "internal.81", "metadata": {"min_n_below": 421}}, "82": {"filename": "internal.82", "name": "internal.82", "metadata": {"min_n_below": 257}}, "83": {"filename": "internal.83", "name": "internal.83", "metadata": {"min_n_below": 422}}, "84": {"filename": "internal.84", "name": "internal.84", "metadata": {"min_n_below": 132}}, "85": {"filename": "internal.85", "name": "internal.85", "metadata": {"min_n_below": 252}}, "86": {"filename": "internal.86", "name": "internal.86", "metadata": {"min_n_below": 143}}, "87": {"filename": "internal.87", "name": "internal.87", "metadata": {"min_n_below": 168}}, "88": {"filename": "internal.88", "name": "internal.88", "metadata": {"min_n_below": 234}}, "89": {"filename": "internal.89", "name": "internal.89", "metadata": {"min_n_below": 188}}, "90": {"filename": "internal.90", "name": "internal.90", "metadata": {"min_n_below": 276}}, "91": {"filename": "internal.91", "name": "internal.91", "metadata": {"min_n_below": 206}}, "92": {"filename": "internal.92", "name": "internal.92", "metadata": {"min_n_below": 132}}, "93": {"filename": "internal.93", "name": "internal.93", "metadata": {"min_n_below": 147}}, "94": {"filename": "internal.94", "name": "internal.94", "metadata": {"min_n_below": 39}}, "95": {"filename": "internal.95", "name": "internal.95", "metadata": {"min_n_below": 124}}, "96": {"filename": "internal.96", "name": "internal.96", "metadata": {"min_n_below": 275}}, "97": {"filename": "internal.97", "name": "internal.97", "metadata": {"min_n_below": 127}}, "98": {"filename": "internal.98", "name": "internal.98", "metadata": {"min_n_below": 92}}, "99": {"filename": "internal.99", "name": "internal.99", "metadata": {"min_n_below": 207}}, "100": {"filename": "internal.100", "name": "internal.100", "metadata": {"min_n_below": 34}}, "101": {"filename": "internal.101", "name": "internal.101", "metadata": {"min_n_below": 77}}, "102": {"filename": "internal.102", "name": "internal.102", "metadata": {"min_n_below": 121}}, "103": {"filename": "internal.103", "name": "internal.103", "metadata": {"min_n_below": 70}}, "104": {"filename": "internal.104", "name": "internal.104", "metadata": {"min_n_below": 102}}, "105": {"filename": "internal.105", "name": "internal.105", "metadata": {"min_n_below": 128}}, "106": {"filename": "internal.106", "name": "internal.106", "metadata": {"min_n_below": 90}}, "107": {"filename": "internal.107", "name": "internal.107", "metadata": {"min_n_below": 149}}, "108": {"filename": "internal.108", "name": "internal.108", "metadata": {"min_n_below": 62}}, "109": {"filename": "internal.109", "name": "internal.109", "metadata": {"min_n_below": 107}}, "110": {"filename": "internal.110", "name": "internal.110", "metadata": {"min_n_below": 265}}, "111": {"filename": "internal.111", "name": "internal.111", "metadata": {"min_n_below": 519}}, "112": {"filename": "internal.112", "name": "internal.112", "metadata": {"min_n_below": 343}}, "113": {"filename": "internal.113", "name": "internal.113", "metadata": {"min_n_below": 68}}, "114": {"filename": "internal.114", "name": "internal.114", "metadata": {"min_n_below": 89}}, "115": {"filename": "internal.115", "name": "internal.115", "metadata": {"min_n_below": 654}}, "116": {"filename": "internal.116", "name": "internal.116", "metadata": {"min_n_below": 480}}, "117": {"filename": "internal.117", "name": "internal.117", "metadata": {"min_n_below": 480}}, "118": {"filename": "internal.118", "name": "internal.118", "metadata": {"min_n_below": 284}}, "119": {"filename": "internal.119", "name": "internal.119", "metadata": {"min_n_below": 171}}, "120": {"filename": "internal.120", "name": "internal.120", "metadata": {"min_n_below": 426}}, "121": {"filename": "internal.121", "name": "internal.121", "metadata": {"min_n_below": 100}}, "122": {"filename": "internal.122", "name": "internal.122", "metadata": {"min_n_below": 127}}, "123": {"filename": "internal.123", "name": "internal.123", "metadata": {"min_n_below": 82}}, "124": {"filename": "internal.124", "name": "internal.124", "metadata": {"min_n_below": 119}}, "125": {"filename": "internal.125", "name": "internal.125", "metadata": {"min_n_below": 78}}, "126": {"filename": "internal.126", "name": "internal.126", "metadata": {"min_n_below": 92}}, "127": {"filename": "internal.127", "name": "internal.127", "metadata": {"min_n_below": 117}}, "128": {"filename": "internal.128", "name": "internal.128", "metadata": {"min_n_below": 106}}, "129": {"filename": "internal.129", "name": "internal.129", "metadata": {"min_n_below": 176}}, "130": {"filename": "internal.130", "name": "internal.130", "metadata": {"min_n_below": 95}}}, "signatures": {"131": {"filename": "6a9f5e634c29d789a51791ca0786eddc", "name": "6a9f5e634c29d789a51791ca0786eddc", "metadata": "6a9f5e634c29d789a51791ca0786eddc"}, "132": {"filename": "6eabd1c25ea738e8f24d9dae35ed0b18", "name": "6eabd1c25ea738e8f24d9dae35ed0b18", "metadata": "6eabd1c25ea738e8f24d9dae35ed0b18"}, "133": {"filename": "0d506ee484167595bbf593786c53b0b0", "name": "0d506ee484167595bbf593786c53b0b0", "metadata": "0d506ee484167595bbf593786c53b0b0"}, "134": {"filename": "57030827feb8ce53bc3c499462a57af1", "name": "57030827feb8ce53bc3c499462a57af1", "metadata": "57030827feb8ce53bc3c499462a57af1"}, "135": {"filename": "8a45b37062f7b5cd8fcb0ca0eb5111a5", "name": "8a45b37062f7b5cd8fcb0ca0eb5111a5", "metadata": "8a45b37062f7b5cd8fcb0ca0eb5111a5"}, "136": {"filename": "8c9c7876a93d592e7f5614df96c2b935", "name": "8c9c7876a93d592e7f5614df96c2b935", "metadata": "8c9c7876a93d592e7f5614df96c2b935"}, "137": {"filename": "8f7330e119e92b39708da29515f619c0", "name": "8f7330e119e92b39708da29515f619c0", "metadata": "8f7330e119e92b39708da29515f619c0"}, "138": {"filename": "1d91e7a83b192f8e633deb43ea3b2f9b", "name": "1d91e7a83b192f8e633deb43ea3b2f9b", "metadata": "1d91e7a83b192f8e633deb43ea3b2f9b"}, "139": {"filename": "b93925a63c4a1864a63988a42c507547", "name": "b93925a63c4a1864a63988a42c507547", "metadata": "b93925a63c4a1864a63988a42c507547"}, "140": {"filename": "e36338ffd75b83a3084f243698477277", "name": "e36338ffd75b83a3084f243698477277", "metadata": "e36338ffd75b83a3084f243698477277"}, "141": {"filename": "4d13b76821f36080755f10675812895c", "name": "4d13b76821f36080755f10675812895c", "metadata": "4d13b76821f36080755f10675812895c"}, "142": {"filename": "a86579c303ac369f9da32f80f4a203e8", "name": "a86579c303ac369f9da32f80f4a203e8", "metadata": "a86579c303ac369f9da32f80f4a203e8"}, "143": {"filename": "ecf78848f1cb95a70bc033b7196ab1a9", "name": "ecf78848f1cb95a70bc033b7196ab1a9", "metadata": "ecf78848f1cb95a70bc033b7196ab1a9"}, "144": {"filename": "d9db912ebe84e842ceca4ea5398ba962", "name": "d9db912ebe84e842ceca4ea5398ba962", "metadata": "d9db912ebe84e842ceca4ea5398ba962"}, "145": {"filename": "996a461f4030a39b1ec749c77bee88bc", "name": "996a461f4030a39b1ec749c77bee88bc", "metadata": "996a461f4030a39b1ec749c77bee88bc"}, "146": {"filename": "ef6553ec8a0add6876f0a935411e2df2", "name": "ef6553ec8a0add6876f0a935411e2df2", "metadata": "ef6553ec8a0add6876f0a935411e2df2"}, "147": {"filename": "9e7a6b9556b4ce01056928feaa34d246", "name": "9e7a6b9556b4ce01056928feaa34d246", "metadata": "9e7a6b9556b4ce01056928feaa34d246"}, "148": {"filename": "b17f576bd94c559c33c41b95f7845d39", "name": "b17f576bd94c559c33c41b95f7845d39", "metadata": "b17f576bd94c559c33c41b95f7845d39"}, "149": {"filename": "2cbbcf0eb6b4ec7c3be8560904d00758", "name": "2cbbcf0eb6b4ec7c3be8560904d00758", "metadata": "2cbbcf0eb6b4ec7c3be8560904d00758"}, "150": {"filename": "99536b75acc4d5313b26c1387896372c", "name": "99536b75acc4d5313b26c1387896372c", "metadata": "99536b75acc4d5313b26c1387896372c"}, "151": {"filename": "0396c0a51336af8e1c6c8ba12b038f2b", "name": "0396c0a51336af8e1c6c8ba12b038f2b", "metadata": "0396c0a51336af8e1c6c8ba12b038f2b"}, "152": {"filename": "a18881565c97576409e19915042edcb0", "name": "a18881565c97576409e19915042edcb0", "metadata": "a18881565c97576409e19915042edcb0"}, "153": {"filename": "360ed438f5229471b7a68c0d57d571c5", "name": "360ed438f5229471b7a68c0d57d571c5", "metadata": "360ed438f5229471b7a68c0d57d571c5"}, "154": {"filename": "615cf1d613435fa9b40bbcdc36e23d3b", "name": "615cf1d613435fa9b40bbcdc36e23d3b", "metadata": "615cf1d613435fa9b40bbcdc36e23d3b"}, "155": {"filename": "63ec971adf44fc9f2837b490f6af4705", "name": "63ec971adf44fc9f2837b490f6af4705", "metadata": "63ec971adf44fc9f2837b490f6af4705"}, "156": {"filename": "606bd956258934f5a400aad85428e2ef", "name": "606bd956258934f5a400aad85428e2ef", "metadata": "606bd956258934f5a400aad85428e2ef"}, "157": {"filename": "40dd4e3b527130234fe18f58b4fca2ba", "name": "40dd4e3b527130234fe18f58b4fca2ba", "metadata": "40dd4e3b527130234fe18f58b4fca2ba"}, "158": {"filename": "5265714b387ea92669aca83392effd6d", "name": "5265714b387ea92669aca83392effd6d", "metadata": "5265714b387ea92669aca83392effd6d"}, "159": {"filename": "c9e22d371874744560aa451d2784c736", "name": "c9e22d371874744560aa451d2784c736", "metadata": "c9e22d371874744560aa451d2784c736"}, "160": {"filename": "722481b64efe5b2b2b3bb9ea2fddc51a", "name": "722481b64efe5b2b2b3bb9ea2fddc51a", "metadata": "722481b64efe5b2b2b3bb9ea2fddc51a"}, "161": {"filename": "2c129466339fdeb9dc2168f87977c285", "name": "2c129466339fdeb9dc2168f87977c285", "metadata": "2c129466339fdeb9dc2168f87977c285"}, "162": {"filename": "f944a1cc37947ac9136ebdbfe29fa421", "name": "f944a1cc37947ac9136ebdbfe29fa421", "metadata": "f944a1cc37947ac9136ebdbfe29fa421"}, "163": {"filename": "2f3d765c00f62bd8334c02483aa45268", "name": "2f3d765c00f62bd8334c02483aa45268", "metadata": "2f3d765c00f62bd8334c02483aa45268"}, "164": {"filename": "7fe46c7f990671eeb46516923bdfb43e", "name": "7fe46c7f990671eeb46516923bdfb43e", "metadata": "7fe46c7f990671eeb46516923bdfb43e"}, "165": {"filename": "bd5f45422f9a0d6a2827c823dd8630ba", "name": "bd5f45422f9a0d6a2827c823dd8630ba", "metadata": "bd5f45422f9a0d6a2827c823dd8630ba"}, "166": {"filename": "78b258159b27ba7c228e33cc4aea78b8", "name": "78b258159b27ba7c228e33cc4aea78b8", "metadata": "78b258159b27ba7c228e33cc4aea78b8"}, "167": {"filename": "933220a7327a80dc931ca434fe668044", "name": "933220a7327a80dc931ca434fe668044", "metadata": "933220a7327a80dc931ca434fe668044"}, "168": {"filename": "f44ecbac20556633620ccc4c79317b62", "name": "f44ecbac20556633620ccc4c79317b62", "metadata": "f44ecbac20556633620ccc4c79317b62"}, "169": {"filename": "7224b5d60a75cbf5319b9e12f32cc5cc", "name": "7224b5d60a75cbf5319b9e12f32cc5cc", "metadata": "7224b5d60a75cbf5319b9e12f32cc5cc"}, "170": {"filename": "5b5a2d4d2887fbc4676fca768bb5e68d", "name": "5b5a2d4d2887fbc4676fca768bb5e68d", "metadata": "5b5a2d4d2887fbc4676fca768bb5e68d"}, "171": {"filename": "4d634844c0bdc24e168c314988864e70", "name": "4d634844c0bdc24e168c314988864e70", "metadata": "4d634844c0bdc24e168c314988864e70"}, "172": {"filename": "90e0e0bfa08d8cf0ad2e3d7cf7f8f7ff", "name": "90e0e0bfa08d8cf0ad2e3d7cf7f8f7ff", "metadata": "90e0e0bfa08d8cf0ad2e3d7cf7f8f7ff"}, "173": {"filename": "0fdc31be97bd1c97dfa2e82e973a8764", "name": "0fdc31be97bd1c97dfa2e82e973a8764", "metadata": "0fdc31be97bd1c97dfa2e82e973a8764"}, "174": {"filename": "df97143c87ab39b8c7db62381ef15838", "name": "df97143c87ab39b8c7db62381ef15838", "metadata": "df97143c87ab39b8c7db62381ef15838"}, "175": {"filename": "e5f09eb24ce5ad922c8fb64c3a8eddde", "name": "e5f09eb24ce5ad922c8fb64c3a8eddde", "metadata": "e5f09eb24ce5ad922c8fb64c3a8eddde"}, "176": {"filename": "30be5d6eb213dd4d2729b3ac3cf39970", "name": "30be5d6eb213dd4d2729b3ac3cf39970", "metadata": "30be5d6eb213dd4d2729b3ac3cf39970"}, "177": {"filename": "671cab6b6eb3db9d3bbca75eea551020", "name": "671cab6b6eb3db9d3bbca75eea551020", "metadata": "671cab6b6eb3db9d3bbca75eea551020"}, "178": {"filename": "3aa21085326d0051a1ddcc3823e6627d", "name": "3aa21085326d0051a1ddcc3823e6627d", "metadata": "3aa21085326d0051a1ddcc3823e6627d"}, "179": {"filename": "867e6c0416699803c55d1dffe72aa044", "name": "867e6c0416699803c55d1dffe72aa044", "metadata": "867e6c0416699803c55d1dffe72aa044"}, "180": {"filename": "52d799943d58885fa87dd250bc628a53", "name": "52d799943d58885fa87dd250bc628a53", "metadata": "52d799943d58885fa87dd250bc628a53"}, "181": {"filename": "2dfda59f3076970eb16b8b2502fd32b5", "name": "2dfda59f3076970eb16b8b2502fd32b5", "metadata": "2dfda59f3076970eb16b8b2502fd32b5"}, "182": {"filename": "d8b45a0e70f064c1c9d617aca9b288ad", "name": "d8b45a0e70f064c1c9d617aca9b288ad", "metadata": "d8b45a0e70f064c1c9d617aca9b288ad"}, "183": {"filename": "6e7ae48fc67ce7eca33b17e5717eef34", "name": "6e7ae48fc67ce7eca33b17e5717eef34", "metadata": "6e7ae48fc67ce7eca33b17e5717eef34"}, "184": {"filename": "f179c804c1619f382919fb1c1f25ffe3", "name": "f179c804c1619f382919fb1c1f25ffe3", "metadata": "f179c804c1619f382919fb1c1f25ffe3"}, "185": {"filename": "4acd7c66d210101c85a9512a06843a97", "name": "4acd7c66d210101c85a9512a06843a97", "metadata": "4acd7c66d210101c85a9512a06843a97"}, "186": {"filename": "05bb998da9047dc6d9645d4584e1a2da", "name": "05bb998da9047dc6d9645d4584e1a2da", "metadata": "05bb998da9047dc6d9645d4584e1a2da"}, "187": {"filename": "2b88c5f034fc5dfab80b01ad41dc2096", "name": "2b88c5f034fc5dfab80b01ad41dc2096", "metadata": "2b88c5f034fc5dfab80b01ad41dc2096"}, "188": {"filename": "0380f6886f385e09052cfc0fa642669f", "name": "0380f6886f385e09052cfc0fa642669f", "metadata": "0380f6886f385e09052cfc0fa642669f"}, "189": {"filename": "00f896729b2223a91b102dd03a43c8bd", "name": "00f896729b2223a91b102dd03a43c8bd", "metadata": "00f896729b2223a91b102dd03a43c8bd"}, "190": {"filename": "12a5f179eb7fbbd7fe5a2ad52a1f3061", "name": "12a5f179eb7fbbd7fe5a2ad52a1f3061", "metadata": "12a5f179eb7fbbd7fe5a2ad52a1f3061"}, "191": {"filename": "f761dcf08ed747a36f1883905e539f97", "name": "f761dcf08ed747a36f1883905e539f97", "metadata": "f761dcf08ed747a36f1883905e539f97"}, "192": {"filename": "189224d5b61ffd08b801c10f999739e0", "name": "189224d5b61ffd08b801c10f999739e0", "metadata": "189224d5b61ffd08b801c10f999739e0"}, "193": {"filename": "3461e81bcfea7f99b240a8974c5e508e", "name": "3461e81bcfea7f99b240a8974c5e508e", "metadata": "3461e81bcfea7f99b240a8974c5e508e"}, "194": {"filename": "531344c8dd3bc6c5fe6a274c1719a1d7", "name": "531344c8dd3bc6c5fe6a274c1719a1d7", "metadata": "531344c8dd3bc6c5fe6a274c1719a1d7"}, "195": {"filename": "291cb7fe1152c9200aa9c0571dcc3c43", "name": "291cb7fe1152c9200aa9c0571dcc3c43", "metadata": "291cb7fe1152c9200aa9c0571dcc3c43"}, "196": {"filename": "4439c8c5cf18ffcfbae393fae3424b58", "name": "4439c8c5cf18ffcfbae393fae3424b58", "metadata": "4439c8c5cf18ffcfbae393fae3424b58"}, "197": {"filename": "166662debc8a6993e9160e425eb41031", "name": "166662debc8a6993e9160e425eb41031", "metadata": "166662debc8a6993e9160e425eb41031"}, "198": {"filename": "ebb56326e4bc68e595c301e6327eafd4", "name": "ebb56326e4bc68e595c301e6327eafd4", "metadata": "ebb56326e4bc68e595c301e6327eafd4"}, "199": {"filename": "60c22e95c23aba05123b2b181b8f5477", "name": "60c22e95c23aba05123b2b181b8f5477", "metadata": "60c22e95c23aba05123b2b181b8f5477"}, "200": {"filename": "18089bb9b8aaeb39d4b3abc05ed720aa", "name": "18089bb9b8aaeb39d4b3abc05ed720aa", "metadata": "18089bb9b8aaeb39d4b3abc05ed720aa"}, "201": {"filename": "85f4d53087dcd45aeec8c9d81ce8d0de", "name": "85f4d53087dcd45aeec8c9d81ce8d0de", "metadata": "85f4d53087dcd45aeec8c9d81ce8d0de"}, "202": {"filename": "d884730178b12e991961966f61371684", "name": "d884730178b12e991961966f61371684", "metadata": "d884730178b12e991961966f61371684"}, "203": {"filename": "94f91e423752ff83e211c0e930e22e10", "name": "94f91e423752ff83e211c0e930e22e10", "metadata": "94f91e423752ff83e211c0e930e22e10"}, "204": {"filename": "dd08cfc8a81e4f51fb4e29d52a9b0dc6", "name": "dd08cfc8a81e4f51fb4e29d52a9b0dc6", "metadata": "dd08cfc8a81e4f51fb4e29d52a9b0dc6"}, "205": {"filename": "fc48b23832a61a36d8bfe6f08e904d61", "name": "fc48b23832a61a36d8bfe6f08e904d61", "metadata": "fc48b23832a61a36d8bfe6f08e904d61"}, "206": {"filename": "26873eae95471b3f996fb974d47158a3", "name": "26873eae95471b3f996fb974d47158a3", "metadata": "26873eae95471b3f996fb974d47158a3"}, "207": {"filename": "ae12583c642a2407e06de1b6af02f101", "name": "ae12583c642a2407e06de1b6af02f101", "metadata": "ae12583c642a2407e06de1b6af02f101"}, "208": {"filename": "8dcc536427408cbf3d3bb2fd94e17ee7", "name": "8dcc536427408cbf3d3bb2fd94e17ee7", "metadata": "8dcc536427408cbf3d3bb2fd94e17ee7"}, "209": {"filename": "3f5a6123813bb1ff05c838cea2f2fa27", "name": "3f5a6123813bb1ff05c838cea2f2fa27", "metadata": "3f5a6123813bb1ff05c838cea2f2fa27"}, "210": {"filename": "44919bdc4d80487ca039d66491d7b4d0", "name": "44919bdc4d80487ca039d66491d7b4d0", "metadata": "44919bdc4d80487ca039d66491d7b4d0"}, "211": {"filename": "55fd1511f655d1ef09b4630926fde804", "name": "55fd1511f655d1ef09b4630926fde804", "metadata": "55fd1511f655d1ef09b4630926fde804"}, "212": {"filename": "6d3d68941b88dedc11ddc075733d903a", "name": "6d3d68941b88dedc11ddc075733d903a", "metadata": "6d3d68941b88dedc11ddc075733d903a"}, "213": {"filename": "c782a9d743e0930eb57c80eb35c6727c", "name": "c782a9d743e0930eb57c80eb35c6727c", "metadata": "c782a9d743e0930eb57c80eb35c6727c"}, "214": {"filename": "b1ee429a8bd9889639daf25548de575f", "name": "b1ee429a8bd9889639daf25548de575f", "metadata": "b1ee429a8bd9889639daf25548de575f"}, "215": {"filename": "f263da181f7536a56f1992c1f4b7fca9", "name": "f263da181f7536a56f1992c1f4b7fca9", "metadata": "f263da181f7536a56f1992c1f4b7fca9"}, "216": {"filename": "46663d1d1c27f84333b1180bf8ed8393", "name": "46663d1d1c27f84333b1180bf8ed8393", "metadata": "46663d1d1c27f84333b1180bf8ed8393"}, "217": {"filename": "4d18378b6b74559824d18eb6e83d7720", "name": "4d18378b6b74559824d18eb6e83d7720", "metadata": "4d18378b6b74559824d18eb6e83d7720"}, "218": {"filename": "123f8e02a110f5b65582c0b0d61a98c6", "name": "123f8e02a110f5b65582c0b0d61a98c6", "metadata": "123f8e02a110f5b65582c0b0d61a98c6"}, "219": {"filename": "7beb31929ac3b840e9473d25b318ce10", "name": "7beb31929ac3b840e9473d25b318ce10", "metadata": "7beb31929ac3b840e9473d25b318ce10"}, "220": {"filename": "7a3869c14b7b3f6f3eea439c3857f238", "name": "7a3869c14b7b3f6f3eea439c3857f238", "metadata": "7a3869c14b7b3f6f3eea439c3857f238"}, "221": {"filename": "4ecedb19cce5bb89c75abb57eb5ac1fa", "name": "4ecedb19cce5bb89c75abb57eb5ac1fa", "metadata": "4ecedb19cce5bb89c75abb57eb5ac1fa"}, "222": {"filename": "2c164440beb13696ab76dd1a16fa8201", "name": "2c164440beb13696ab76dd1a16fa8201", "metadata": "2c164440beb13696ab76dd1a16fa8201"}, "223": {"filename": "2d2687eaef276244aeb1b5f74759c2b0", "name": "2d2687eaef276244aeb1b5f74759c2b0", "metadata": "2d2687eaef276244aeb1b5f74759c2b0"}, "224": {"filename": "2a2d6d366ac479ab03bc781ce82cc6bd", "name": "2a2d6d366ac479ab03bc781ce82cc6bd", "metadata": "2a2d6d366ac479ab03bc781ce82cc6bd"}, "225": {"filename": "c9dbeb19d35281f959347e9724de942a", "name": "c9dbeb19d35281f959347e9724de942a", "metadata": "c9dbeb19d35281f959347e9724de942a"}, "226": {"filename": "4f7d824d074fbded37d301e72c14fdc9", "name": "4f7d824d074fbded37d301e72c14fdc9", "metadata": "4f7d824d074fbded37d301e72c14fdc9"}, "227": {"filename": "dba9c90bc85db3ec0b17bd1aa724e238", "name": "dba9c90bc85db3ec0b17bd1aa724e238", "metadata": "dba9c90bc85db3ec0b17bd1aa724e238"}, "228": {"filename": "f3182dc1d93892a28d1993e20e099ac0", "name": "f3182dc1d93892a28d1993e20e099ac0", "metadata": "f3182dc1d93892a28d1993e20e099ac0"}, "229": {"filename": "51efc05cfb85bf0c3e9f098a79cab4be", "name": "51efc05cfb85bf0c3e9f098a79cab4be", "metadata": "51efc05cfb85bf0c3e9f098a79cab4be"}, "230": {"filename": "8aafb41f805c04dd8ad0c70f52c61f7d", "name": "8aafb41f805c04dd8ad0c70f52c61f7d", "metadata": "8aafb41f805c04dd8ad0c70f52c61f7d"}, "231": {"filename": "1ba32c1534a24b2ce68e7aebd401c2f6", "name": "1ba32c1534a24b2ce68e7aebd401c2f6", "metadata": "1ba32c1534a24b2ce68e7aebd401c2f6"}, "232": {"filename": "dc2fa4641e1bc7c5e892e4fd3732226e", "name": "dc2fa4641e1bc7c5e892e4fd3732226e", "metadata": "dc2fa4641e1bc7c5e892e4fd3732226e"}, "233": {"filename": "12bf6e3a22f85a1e8bd241b2dc44069f", "name": "12bf6e3a22f85a1e8bd241b2dc44069f", "metadata": "12bf6e3a22f85a1e8bd241b2dc44069f"}, "234": {"filename": "5db5b572f82337fcaa5b5b9db05a127b", "name": "5db5b572f82337fcaa5b5b9db05a127b", "metadata": "5db5b572f82337fcaa5b5b9db05a127b"}, "235": {"filename": "9e46abe3a3e02b19aa431dc6d4c0bad2", "name": "9e46abe3a3e02b19aa431dc6d4c0bad2", "metadata": "9e46abe3a3e02b19aa431dc6d4c0bad2"}, "236": {"filename": "555e8fec94ca75f095093af79d15d34e", "name": "555e8fec94ca75f095093af79d15d34e", "metadata": "555e8fec94ca75f095093af79d15d34e"}, "237": {"filename": "a60d0c80b2dec28179f439aa49c4de1e", "name": "a60d0c80b2dec28179f439aa49c4de1e", "metadata": "a60d0c80b2dec28179f439aa49c4de1e"}, "238": {"filename": "19bc9dd10d4c7a48dbce4ae7c9a5f8ea", "name": "19bc9dd10d4c7a48dbce4ae7c9a5f8ea", "metadata": "19bc9dd10d4c7a48dbce4ae7c9a5f8ea"}, "239": {"filename": "60c6a6b7fc2e76836cbf3576f6b50450", "name": "60c6a6b7fc2e76836cbf3576f6b50450", "metadata": "60c6a6b7fc2e76836cbf3576f6b50450"}, "240": {"filename": "e6d4aef2e7ea17871ee0a0dea9446200", "name": "e6d4aef2e7ea17871ee0a0dea9446200", "metadata": "e6d4aef2e7ea17871ee0a0dea9446200"}, "241": {"filename": "a60b906a85b336d523bef50e9fc9aaa4", "name": "a60b906a85b336d523bef50e9fc9aaa4", "metadata": "a60b906a85b336d523bef50e9fc9aaa4"}, "242": {"filename": "c528ac49df4f3d7ebcc8a4f413b3226a", "name": "c528ac49df4f3d7ebcc8a4f413b3226a", "metadata": "c528ac49df4f3d7ebcc8a4f413b3226a"}, "243": {"filename": "1a9fc33e2a0911f56ab42133089d3c94", "name": "1a9fc33e2a0911f56ab42133089d3c94", "metadata": "1a9fc33e2a0911f56ab42133089d3c94"}, "244": {"filename": "6df6fc63ef85a0e8bdcd35770f037aa2", "name": "6df6fc63ef85a0e8bdcd35770f037aa2", "metadata": "6df6fc63ef85a0e8bdcd35770f037aa2"}, "245": {"filename": "3119cb793375a7447189b17ac5d229ca", "name": "3119cb793375a7447189b17ac5d229ca", "metadata": "3119cb793375a7447189b17ac5d229ca"}, "246": {"filename": "b860cef367fe6cac198fbf6169e622d0", "name": "b860cef367fe6cac198fbf6169e622d0", "metadata": "b860cef367fe6cac198fbf6169e622d0"}, "247": {"filename": "934e9ae10574a4ac70a3ed5d0ab0e03e", "name": "934e9ae10574a4ac70a3ed5d0ab0e03e", "metadata": "934e9ae10574a4ac70a3ed5d0ab0e03e"}, "248": {"filename": "b7271117ae445e63b4dfe5ea2f6e58fe", "name": "b7271117ae445e63b4dfe5ea2f6e58fe", "metadata": "b7271117ae445e63b4dfe5ea2f6e58fe"}, "249": {"filename": "0db8349bdca2201ac98d9f46ada8235f", "name": "0db8349bdca2201ac98d9f46ada8235f", "metadata": "0db8349bdca2201ac98d9f46ada8235f"}, "250": {"filename": "0174f2d5bef05b7e0c3c5123a73f1605", "name": "0174f2d5bef05b7e0c3c5123a73f1605", "metadata": "0174f2d5bef05b7e0c3c5123a73f1605"}, "251": {"filename": "4fb53f233ac941339f07edb64b01aa93", "name": "4fb53f233ac941339f07edb64b01aa93", "metadata": "4fb53f233ac941339f07edb64b01aa93"}, "252": {"filename": "b64b4c90a479f57f98951615ad79dfc8", "name": "b64b4c90a479f57f98951615ad79dfc8", "metadata": "b64b4c90a479f57f98951615ad79dfc8"}, "253": {"filename": "763492b91c984f9ee95095c1d2d8a6f9", "name": "763492b91c984f9ee95095c1d2d8a6f9", "metadata": "763492b91c984f9ee95095c1d2d8a6f9"}, "254": {"filename": "ad07a040bc3b8933f8d611cccd33ba2f", "name": "ad07a040bc3b8933f8d611cccd33ba2f", "metadata": "ad07a040bc3b8933f8d611cccd33ba2f"}, "255": {"filename": "cd59cfabfedb93b1574de8907bddd81b", "name": "cd59cfabfedb93b1574de8907bddd81b", "metadata": "cd59cfabfedb93b1574de8907bddd81b"}, "256": {"filename": "e84386f593d40c0265b9a140d8a98ab5", "name": "e84386f593d40c0265b9a140d8a98ab5", "metadata": "e84386f593d40c0265b9a140d8a98ab5"}, "257": {"filename": "d8056941b17a9efc0cdfd57d159ec0e6", "name": "d8056941b17a9efc0cdfd57d159ec0e6", "metadata": "d8056941b17a9efc0cdfd57d159ec0e6"}, "258": {"filename": "c2fbe3896fbc38e6925c506ca177d2a2", "name": "c2fbe3896fbc38e6925c506ca177d2a2", "metadata": "c2fbe3896fbc38e6925c506ca177d2a2"}, "259": {"filename": "53ed20cb1d12ad603d2ef9ea314eb34e", "name": "53ed20cb1d12ad603d2ef9ea314eb34e", "metadata": "53ed20cb1d12ad603d2ef9ea314eb34e"}, "260": {"filename": "423a3e2ed1868a97769d2db606cbc82d", "name": "423a3e2ed1868a97769d2db606cbc82d", "metadata": "423a3e2ed1868a97769d2db606cbc82d"}, "261": {"filename": "9368d656fae4e0183c02bf4204b7ac54", "name": "9368d656fae4e0183c02bf4204b7ac54", "metadata": "9368d656fae4e0183c02bf4204b7ac54"}, "262": {"filename": "3cf99787a0ed70edc82c8687e3156f28", "name": "3cf99787a0ed70edc82c8687e3156f28", "metadata": "3cf99787a0ed70edc82c8687e3156f28"}}, "manifest_path": ".sbt.mashphage/mashphage.manifest.csv"}