# SOURMASH-MANIFEST-VERSION: 1.0
internal_location,md5,md5short,ksize,moltype,num,scaled,n_hashes,with_abundance,name,filename
6a9f5e634c29d789a51791ca0786eddc,6a9f5e634c29d789a51791ca0786eddc,6a9f5e63,31,DNA,0,1000,128,0,,AW
6eabd1c25ea738e8f24d9dae35ed0b18,6eabd1c25ea738e8f24d9dae35ed0b18,6eabd1c2,31,DNA,0,1000,177,0,,DK
0d506ee484167595bbf593786c53b0b0,0d506ee484167595bbf593786c53b0b0,0d506ee4,31,DNA,0,1000,42,0,,BO
57030827feb8ce53bc3c499462a57af1,57030827feb8ce53bc3c499462a57af1,57030827,31,DNA,0,1000,398,0,,DL
8a45b37062f7b5cd8fcb0ca0eb5111a5,8a45b37062f7b5cd8fcb0ca0eb5111a5,8a45b370,31,DNA,0,1000,182,0,,AP
8c9c7876a93d592e7f5614df96c2b935,8c9c7876a93d592e7f5614df96c2b935,8c9c7876,31,DNA,0,1000,41,0,,DM
8f7330e119e92b39708da29515f619c0,8f7330e119e92b39708da29515f619c0,8f7330e1,31,DNA,0,1000,85,0,,BP
1d91e7a83b192f8e633deb43ea3b2f9b,1d91e7a83b192f8e633deb43ea3b2f9b,1d91e7a8,31,DNA,0,1000,374,0,,DN
b93925a63c4a1864a63988a42c507547,b93925a63c4a1864a63988a42c507547,b93925a6,31,DNA,0,1000,37,0,,AX
e36338ffd75b83a3084f243698477277,e36338ffd75b83a3084f243698477277,e36338ff,31,DNA,0,1000,298,0,,DO
4d13b76821f36080755f10675812895c,4d13b76821f36080755f10675812895c,4d13b768,31,DNA,0,1000,209,0,,BQ
a86579c303ac369f9da32f80f4a203e8,a86579c303ac369f9da32f80f4a203e8,a86579c3,31,DNA,0,1000,204,0,,DP
ecf78848f1cb95a70bc033b7196ab1a9,ecf78848f1cb95a70bc033b7196ab1a9,ecf78848,31,DNA,0,1000,259,0,,AL
d9db912ebe84e842ceca4ea5398ba962,d9db912ebe84e842ceca4ea5398ba962,d9db912e,31,DNA,0,1000,163,0,,DQ
996a461f4030a39b1ec749c77bee88bc,996a461f4030a39b1ec749c77bee88bc,996a461f,31,DNA,0,1000,1739,0,,B
ef6553ec8a0add6876f0a935411e2df2,ef6553ec8a0add6876f0a935411e2df2,ef6553ec,31,DNA,0,1000,320,0,,DR
9e7a6b9556b4ce01056928feaa34d246,9e7a6b9556b4ce01056928feaa34d246,9e7a6b95,31,DNA,0,1000,232,0,,AY
b17f576bd94c559c33c41b95f7845d39,b17f576bd94c559c33c41b95f7845d39,b17f576b,31,DNA,0,1000,220,0,,D
2cbbcf0eb6b4ec7c3be8560904d00758,2cbbcf0eb6b4ec7c3be8560904d00758,2cbbcf0e,31,DNA,0,1000,543,0,,BU
99536b75acc4d5313b26c1387896372c,99536b75acc4d5313b26c1387896372c,99536b75,31,DNA,0,1000,360,0,,DS
0396c0a51336af8e1c6c8ba12b038f2b,0396c0a51336af8e1c6c8ba12b038f2b,0396c0a5,31,DNA,0,1000,150,0,,AQ
a18881565c97576409e19915042edcb0,a18881565c97576409e19915042edcb0,a1888156,31,DNA,0,1000,106,0,,DT
360ed438f5229471b7a68c0d57d571c5,360ed438f5229471b7a68c0d57d571c5,360ed438,31,DNA,0,1000,45,0,,BV
615cf1d613435fa9b40bbcdc36e23d3b,615cf1d613435fa9b40bbcdc36e23d3b,615cf1d6,31,DNA,0,1000,312,0,,DU
63ec971adf44fc9f2837b490f6af4705,63ec971adf44fc9f2837b490f6af4705,63ec971a,31,DNA,0,1000,388,0,,AZ
606bd956258934f5a400aad85428e2ef,606bd956258934f5a400aad85428e2ef,606bd956,31,DNA,0,1000,156,0,,DV
40dd4e3b527130234fe18f58b4fca2ba,40dd4e3b527130234fe18f58b4fca2ba,40dd4e3b,31,DNA,0,1000,99,0,,BW
5265714b387ea92669aca83392effd6d,5265714b387ea92669aca83392effd6d,5265714b,31,DNA,0,1000,90,0,,DW
c9e22d371874744560aa451d2784c736,c9e22d371874744560aa451d2784c736,c9e22d37,31,DNA,0,1000,227,0,,AC
722481b64efe5b2b2b3bb9ea2fddc51a,722481b64efe5b2b2b3bb9ea2fddc51a,722481b6,31,DNA,0,1000,138,0,,DX
2c129466339fdeb9dc2168f87977c285,2c129466339fdeb9dc2168f87977c285,2c129466,31,DNA,0,1000,42,0,,BX
f944a1cc37947ac9136ebdbfe29fa421,f944a1cc37947ac9136ebdbfe29fa421,f944a1cc,31,DNA,0,1000,1102,0,,EA
2f3d765c00f62bd8334c02483aa45268,2f3d765c00f62bd8334c02483aa45268,2f3d765c,31,DNA,0,1000,421,0,,BB
7fe46c7f990671eeb46516923bdfb43e,7fe46c7f990671eeb46516923bdfb43e,7fe46c7f,31,DNA,0,1000,632,0,,EB
bd5f45422f9a0d6a2827c823dd8630ba,bd5f45422f9a0d6a2827c823dd8630ba,bd5f4542,31,DNA,0,1000,257,0,,CA
78b258159b27ba7c228e33cc4aea78b8,78b258159b27ba7c228e33cc4aea78b8,78b25815,31,DNA,0,1000,521,0,,EC
933220a7327a80dc931ca434fe668044,933220a7327a80dc931ca434fe668044,933220a7,31,DNA,0,1000,468,0,,AR
f44ecbac20556633620ccc4c79317b62,f44ecbac20556633620ccc4c79317b62,f44ecbac,31,DNA,0,1000,422,0,,ED
7224b5d60a75cbf5319b9e12f32cc5cc,7224b5d60a75cbf5319b9e12f32cc5cc,7224b5d6,31,DNA,0,1000,348,0,,CB
5b5a2d4d2887fbc4676fca768bb5e68d,5b5a2d4d2887fbc4676fca768bb5e68d,5b5a2d4d,31,DNA,0,1000,132,0,,EE
4d634844c0bdc24e168c314988864e70,4d634844c0bdc24e168c314988864e70,4d634844,31,DNA,0,1000,306,0,,BC
90e0e0bfa08d8cf0ad2e3d7cf7f8f7ff,90e0e0bfa08d8cf0ad2e3d7cf7f8f7ff,90e0e0bf,31,DNA,0,1000,252,0,,EF
0fdc31be97bd1c97dfa2e82e973a8764,0fdc31be97bd1c97dfa2e82e973a8764,0fdc31be,31,DNA,0,1000,143,0,,CC
df97143c87ab39b8c7db62381ef15838,df97143c87ab39b8c7db62381ef15838,df97143c,31,DNA,0,1000,519,0,,EG
e5f09eb24ce5ad922c8fb64c3a8eddde,e5f09eb24ce5ad922c8fb64c3a8eddde,e5f09eb2,31,DNA,0,1000,268,0,,AM
30be5d6eb213dd4d2729b3ac3cf39970,30be5d6eb213dd4d2729b3ac3cf39970,30be5d6e,31,DNA,0,1000,168,0,,EH
671cab6b6eb3db9d3bbca75eea551020,671cab6b6eb3db9d3bbca75eea551020,671cab6b,31,DNA,0,1000,234,0,,CD
3aa21085326d0051a1ddcc3823e6627d,3aa21085326d0051a1ddcc3823e6627d,3aa21085,31,DNA,0,1000,251,0,,EI
867e6c0416699803c55d1dffe72aa044,867e6c0416699803c55d1dffe72aa044,867e6c04,31,DNA,0,1000,1391,0,,BD
52d799943d58885fa87dd250bc628a53,52d799943d58885fa87dd250bc628a53,52d79994,31,DNA,0,1000,188,0,,EJ
2dfda59f3076970eb16b8b2502fd32b5,2dfda59f3076970eb16b8b2502fd32b5,2dfda59f,31,DNA,0,1000,276,0,,CE
d8b45a0e70f064c1c9d617aca9b288ad,d8b45a0e70f064c1c9d617aca9b288ad,d8b45a0e,31,DNA,0,1000,715,0,,EK
6e7ae48fc67ce7eca33b17e5717eef34,6e7ae48fc67ce7eca33b17e5717eef34,6e7ae48f,31,DNA,0,1000,6172,0,,A
f179c804c1619f382919fb1c1f25ffe3,f179c804c1619f382919fb1c1f25ffe3,f179c804,31,DNA,0,1000,206,0,,EL
4acd7c66d210101c85a9512a06843a97,4acd7c66d210101c85a9512a06843a97,4acd7c66,31,DNA,0,1000,435,0,,CQ
05bb998da9047dc6d9645d4584e1a2da,05bb998da9047dc6d9645d4584e1a2da,05bb998d,31,DNA,0,1000,132,0,,EM
2b88c5f034fc5dfab80b01ad41dc2096,2b88c5f034fc5dfab80b01ad41dc2096,2b88c5f0,31,DNA,0,1000,1701,0,,BE
0380f6886f385e09052cfc0fa642669f,0380f6886f385e09052cfc0fa642669f,0380f688,31,DNA,0,1000,147,0,,EN
00f896729b2223a91b102dd03a43c8bd,00f896729b2223a91b102dd03a43c8bd,00f89672,31,DNA,0,1000,867,0,,CR
12a5f179eb7fbbd7fe5a2ad52a1f3061,12a5f179eb7fbbd7fe5a2ad52a1f3061,12a5f179,31,DNA,0,1000,39,0,,EO
f761dcf08ed747a36f1883905e539f97,f761dcf08ed747a36f1883905e539f97,f761dcf0,31,DNA,0,1000,124,0,,AB
189224d5b61ffd08b801c10f999739e0,189224d5b61ffd08b801c10f999739e0,189224d5,31,DNA,0,1000,134,0,,EP
3461e81bcfea7f99b240a8974c5e508e,3461e81bcfea7f99b240a8974c5e508e,3461e81b,31,DNA,0,1000,947,0,,C
531344c8dd3bc6c5fe6a274c1719a1d7,531344c8dd3bc6c5fe6a274c1719a1d7,531344c8,31,DNA,0,1000,275,0,,E
291cb7fe1152c9200aa9c0571dcc3c43,291cb7fe1152c9200aa9c0571dcc3c43,291cb7fe,31,DNA,0,1000,221,0,,BF
4439c8c5cf18ffcfbae393fae3424b58,4439c8c5cf18ffcfbae393fae3424b58,4439c8c5,31,DNA,0,1000,127,0,,FA
166662debc8a6993e9160e425eb41031,166662debc8a6993e9160e425eb41031,166662de,31,DNA,0,1000,952,0,,CS
ebb56326e4bc68e595c301e6327eafd4,ebb56326e4bc68e595c301e6327eafd4,ebb56326,31,DNA,0,1000,92,0,,FB
60c22e95c23aba05123b2b181b8f5477,60c22e95c23aba05123b2b181b8f5477,60c22e95,31,DNA,0,1000,341,0,,AS
18089bb9b8aaeb39d4b3abc05ed720aa,18089bb9b8aaeb39d4b3abc05ed720aa,18089bb9,31,DNA,0,1000,207,0,,FC
85f4d53087dcd45aeec8c9d81ce8d0de,85f4d53087dcd45aeec8c9d81ce8d0de,85f4d530,31,DNA,0,1000,657,0,,CT
d884730178b12e991961966f61371684,d884730178b12e991961966f61371684,d8847301,31,DNA,0,1000,34,0,,FD
94f91e423752ff83e211c0e930e22e10,94f91e423752ff83e211c0e930e22e10,94f91e42,31,DNA,0,1000,314,0,,BG
dd08cfc8a81e4f51fb4e29d52a9b0dc6,dd08cfc8a81e4f51fb4e29d52a9b0dc6,dd08cfc8,31,DNA,0,1000,77,0,,FE
fc48b23832a61a36d8bfe6f08e904d61,fc48b23832a61a36d8bfe6f08e904d61,fc48b238,31,DNA,0,1000,322,0,,CU
26873eae95471b3f996fb974d47158a3,26873eae95471b3f996fb974d47158a3,26873eae,31,DNA,0,1000,121,0,,FF
ae12583c642a2407e06de1b6af02f101,ae12583c642a2407e06de1b6af02f101,ae12583c,31,DNA,0,1000,70,0,,AN
8dcc536427408cbf3d3bb2fd94e17ee7,8dcc536427408cbf3d3bb2fd94e17ee7,8dcc5364,31,DNA,0,1000,134,0,,FG
3f5a6123813bb1ff05c838cea2f2fa27,3f5a6123813bb1ff05c838cea2f2fa27,3f5a6123,31,DNA,0,1000,726,0,,CV
44919bdc4d80487ca039d66491d7b4d0,44919bdc4d80487ca039d66491d7b4d0,44919bdc,31,DNA,0,1000,102,0,,FH
55fd1511f655d1ef09b4630926fde804,55fd1511f655d1ef09b4630926fde804,55fd1511,31,DNA,0,1000,234,0,,BH
6d3d68941b88dedc11ddc075733d903a,6d3d68941b88dedc11ddc075733d903a,6d3d6894,31,DNA,0,1000,128,0,,FK
c782a9d743e0930eb57c80eb35c6727c,c782a9d743e0930eb57c80eb35c6727c,c782a9d7,31,DNA,0,1000,90,0,,CW
b1ee429a8bd9889639daf25548de575f,b1ee429a8bd9889639daf25548de575f,b1ee429a,31,DNA,0,1000,103,0,,FL
f263da181f7536a56f1992c1f4b7fca9,f263da181f7536a56f1992c1f4b7fca9,f263da18,31,DNA,0,1000,149,0,,AT
46663d1d1c27f84333b1180bf8ed8393,46663d1d1c27f84333b1180bf8ed8393,46663d1d,31,DNA,0,1000,1386,0,,F
4d18378b6b74559824d18eb6e83d7720,4d18378b6b74559824d18eb6e83d7720,4d18378b,31,DNA,0,1000,127,0,,CX
123f8e02a110f5b65582c0b0d61a98c6,123f8e02a110f5b65582c0b0d61a98c6,123f8e02,31,DNA,0,1000,62,0,,GA
7beb31929ac3b840e9473d25b318ce10,7beb31929ac3b840e9473d25b318ce10,7beb3192,31,DNA,0,1000,713,0,,BI
7a3869c14b7b3f6f3eea439c3857f238,7a3869c14b7b3f6f3eea439c3857f238,7a3869c1,31,DNA,0,1000,107,0,,GB
4ecedb19cce5bb89c75abb57eb5ac1fa,4ecedb19cce5bb89c75abb57eb5ac1fa,4ecedb19,31,DNA,0,1000,351,0,,CY
2c164440beb13696ab76dd1a16fa8201,2c164440beb13696ab76dd1a16fa8201,2c164440,31,DNA,0,1000,265,0,,GC
2d2687eaef276244aeb1b5f74759c2b0,2d2687eaef276244aeb1b5f74759c2b0,2d2687ea,31,DNA,0,1000,790,0,,AK
2a2d6d366ac479ab03bc781ce82cc6bd,2a2d6d366ac479ab03bc781ce82cc6bd,2a2d6d36,31,DNA,0,1000,519,0,,G
c9dbeb19d35281f959347e9724de942a,c9dbeb19d35281f959347e9724de942a,c9dbeb19,31,DNA,0,1000,899,0,,CZ
4f7d824d074fbded37d301e72c14fdc9,4f7d824d074fbded37d301e72c14fdc9,4f7d824d,31,DNA,0,1000,343,0,,H
dba9c90bc85db3ec0b17bd1aa724e238,dba9c90bc85db3ec0b17bd1aa724e238,dba9c90b,31,DNA,0,1000,68,0,,BJ
f3182dc1d93892a28d1993e20e099ac0,f3182dc1d93892a28d1993e20e099ac0,f3182dc1,31,DNA,0,1000,196,0,,I
51efc05cfb85bf0c3e9f098a79cab4be,51efc05cfb85bf0c3e9f098a79cab4be,51efc05c,31,DNA,0,1000,89,0,,DA
8aafb41f805c04dd8ad0c70f52c61f7d,8aafb41f805c04dd8ad0c70f52c61f7d,8aafb41f,31,DNA,0,1000,726,0,,J
1ba32c1534a24b2ce68e7aebd401c2f6,1ba32c1534a24b2ce68e7aebd401c2f6,1ba32c15,31,DNA,0,1000,654,0,,AU
dc2fa4641e1bc7c5e892e4fd3732226e,dc2fa4641e1bc7c5e892e4fd3732226e,dc2fa464,31,DNA,0,1000,2702,0,,K
12bf6e3a22f85a1e8bd241b2dc44069f,12bf6e3a22f85a1e8bd241b2dc44069f,12bf6e3a,31,DNA,0,1000,480,0,,DB
5db5b572f82337fcaa5b5b9db05a127b,5db5b572f82337fcaa5b5b9db05a127b,5db5b572,31,DNA,0,1000,878,0,,L
9e46abe3a3e02b19aa431dc6d4c0bad2,9e46abe3a3e02b19aa431dc6d4c0bad2,9e46abe3,31,DNA,0,1000,1309,0,,BK
555e8fec94ca75f095093af79d15d34e,555e8fec94ca75f095093af79d15d34e,555e8fec,31,DNA,0,1000,480,0,,M
a60d0c80b2dec28179f439aa49c4de1e,a60d0c80b2dec28179f439aa49c4de1e,a60d0c80,31,DNA,0,1000,339,0,,DC
19bc9dd10d4c7a48dbce4ae7c9a5f8ea,19bc9dd10d4c7a48dbce4ae7c9a5f8ea,19bc9dd1,31,DNA,0,1000,284,0,,N
60c6a6b7fc2e76836cbf3576f6b50450,60c6a6b7fc2e76836cbf3576f6b50450,60c6a6b7,31,DNA,0,1000,448,0,,AO
e6d4aef2e7ea17871ee0a0dea9446200,e6d4aef2e7ea17871ee0a0dea9446200,e6d4aef2,31,DNA,0,1000,171,0,,O
a60b906a85b336d523bef50e9fc9aaa4,a60b906a85b336d523bef50e9fc9aaa4,a60b906a,31,DNA,0,1000,991,0,,DE
c528ac49df4f3d7ebcc8a4f413b3226a,c528ac49df4f3d7ebcc8a4f413b3226a,c528ac49,31,DNA,0,1000,426,0,,P
1a9fc33e2a0911f56ab42133089d3c94,1a9fc33e2a0911f56ab42133089d3c94,1a9fc33e,31,DNA,0,1000,100,0,,BL
6df6fc63ef85a0e8bdcd35770f037aa2,6df6fc63ef85a0e8bdcd35770f037aa2,6df6fc63,31,DNA,0,1000,100,0,,Q
3119cb793375a7447189b17ac5d229ca,3119cb793375a7447189b17ac5d229ca,3119cb79,31,DNA,0,1000,309,0,,DF
b860cef367fe6cac198fbf6169e622d0,b860cef367fe6cac198fbf6169e622d0,b860cef3,31,DNA,0,1000,127,0,,R
934e9ae10574a4ac70a3ed5d0ab0e03e,934e9ae10574a4ac70a3ed5d0ab0e03e,934e9ae1,31,DNA,0,1000,82,0,,AV
b7271117ae445e63b4dfe5ea2f6e58fe,b7271117ae445e63b4dfe5ea2f6e58fe,b7271117,31,DNA,0,1000,12237,0,,Singleton
0db8349bdca2201ac98d9f46ada8235f,0db8349bdca2201ac98d9f46ada8235f,0db8349b,31,DNA,0,1000,199,0,,DG
0174f2d5bef05b7e0c3c5123a73f1605,0174f2d5bef05b7e0c3c5123a73f1605,0174f2d5,31,DNA,0,1000,119,0,,S
4fb53f233ac941339f07edb64b01aa93,4fb53f233ac941339f07edb64b01aa93,4fb53f23,31,DNA,0,1000,405,0,,BM
b64b4c90a479f57f98951615ad79dfc8,b64b4c90a479f57f98951615ad79dfc8,b64b4c90,31,DNA,0,1000,78,0,,U
763492b91c984f9ee95095c1d2d8a6f9,763492b91c984f9ee95095c1d2d8a6f9,763492b9,31,DNA,0,1000,92,0,,DH
ad07a040bc3b8933f8d611cccd33ba2f,ad07a040bc3b8933f8d611cccd33ba2f,ad07a040,31,DNA,0,1000,92,0,,V
cd59cfabfedb93b1574de8907bddd81b,cd59cfabfedb93b1574de8907bddd81b,cd59cfab,31,DNA,0,1000,154,0,,AA
e84386f593d40c0265b9a140d8a98ab5,e84386f593d40c0265b9a140d8a98ab5,e84386f5,31,DNA,0,1000,117,0,,W
d8056941b17a9efc0cdfd57d159ec0e6,d8056941b17a9efc0cdfd57d159ec0e6,d8056941,31,DNA,0,1000,106,0,,DI
c2fbe3896fbc38e6925c506ca177d2a2,c2fbe3896fbc38e6925c506ca177d2a2,c2fbe389,31,DNA,0,1000,116,0,,X
53ed20cb1d12ad603d2ef9ea314eb34e,53ed20cb1d12ad603d2ef9ea314eb34e,53ed20cb,31,DNA,0,1000,338,0,,BN
423a3e2ed1868a97769d2db606cbc82d,423a3e2ed1868a97769d2db606cbc82d,423a3e2e,31,DNA,0,1000,176,0,,Y
9368d656fae4e0183c02bf4204b7ac54,9368d656fae4e0183c02bf4204b7ac54,9368d656,31,DNA,0,1000,562,0,,DJ
3cf99787a0ed70edc82c8687e3156f28,3cf99787a0ed70edc82c8687e3156f28,3cf99787,31,DNA,0,1000,95,0,,Z
